{
    "wavelenghts (y):": "columns (x):",
    "435.8335": 162,
    "546.075": 516,
    "slope and intercept:": "values:",
    "m": 0.31134675896581854,
    "b": 385.16237435439086
}