{
    "wavelenghts (y):": "columns (x):",
    "404.6565": 62,
    "435.8335": 163,
    "546.075": 527,
    "slope and intercept:": "values:",
    "m": 0.30378852647650445,
    "b": 386.0386760298896
}