{
    "wavelenghts (y):": "columns (x):",
    "404.6565": 73,
    "435.8335": 161,
    "546.075": 526,
    "slope and intercept:": "values:",
    "m": 0.30921752393277435,
    "b": 383.85322727036396
}