{
    "wavelenghts (y):": "columns (x):",
    "435.8335": 162,
    "546.075": 516,
    "slope and intercept:": "values:",
    "m": 0.3113466393968245,
    "b": 385.1623787068071
}