{
    "wavelenghts (y):": "columns (x):",
    "404.6565": 68,
    "435.8335": 162,
    "546.075": 521,
    "slope and intercept:": "values:",
    "m": 0.3107665123087773,
    "b": 384.39311641870273
}