{
    "wavelenghts (y):": "columns (x):",
    "404.6565": 61,
    "435.8335": 163,
    "546.075": 527,
    "slope and intercept:": "values:",
    "m": 0.3033110988290711,
    "b": 386.25945492645576
}